,adjacent_negative_facts,adjacent_facts_from_clue,adjacent_facts_from_bijectivity,adjacent_facts_from_transitivity,other_negative_facts,other_positive_facts,adjacent_clue,adjacent_bijectivity,adjacent_transitivity,other_clue,other_transitivity,other_bijectivity,name
0,1.0,1.0,1.0,1.0,1.0,1.0,1.0,1.0,1.0,1.0,1.0,1.0,Starting
1,0.01,0.018867924528301886,0.041666666666666664,0.008064516129032258,0.0,0.0,0.2,0.5,-0.16666666666666666,-0.125,0.16666666666666666,0.1,Difference
2,1.01,1.0188679245283019,1.0416666666666667,1.0080645161290323,1.0,1.0,1.2,1.5,0.8333333333333334,0.875,1.1666666666666667,1.1,Final
3,1.01,1.0188679245283019,1.0416666666666667,1.0080645161290323,1.0,1.0,1.2,1.5,0.8333333333333334,0.875,1.1666666666666667,1.1,Starting
4,0.01,0.018867924528301886,0.041666666666666664,0.016129032258064516,0.05,0.0,0.2,0.5,-0.16666666666666666,-0.125,0.16666666666666666,0.1,Difference
5,1.02,1.0377358490566038,1.0833333333333335,1.0241935483870968,1.05,1.0,1.4,2.0,0.6666666666666667,0.75,1.3333333333333335,1.2000000000000002,Final
6,1.02,1.0377358490566038,1.0833333333333335,1.0241935483870968,1.05,1.0,1.4,2.0,0.6666666666666667,0.75,1.3333333333333335,1.2000000000000002,Starting
7,0.01,0.018867924528301886,0.041666666666666664,0.016129032258064516,0.05,0.0,0.2,0.0,0.16666666666666666,-0.125,0.16666666666666666,0.1,Difference
8,1.03,1.0566037735849056,1.1250000000000002,1.0403225806451613,1.1,1.0,1.5999999999999999,2.0,0.8333333333333334,0.625,1.5000000000000002,1.3000000000000003,Final
9,1.03,1.0566037735849056,1.1250000000000002,1.0403225806451613,1.1,1.0,1.5999999999999999,2.0,0.8333333333333334,0.625,1.5000000000000002,1.3000000000000003,Starting
10,0.01,0.018867924528301886,0.041666666666666664,0.016129032258064516,0.05,0.0,0.2,0.0,0.16666666666666666,-0.125,0.16666666666666666,0.1,Difference
11,1.04,1.0754716981132075,1.166666666666667,1.0564516129032258,1.1500000000000001,1.0,1.7999999999999998,2.0,1.0,0.5,1.666666666666667,1.4000000000000004,Final
12,1.04,1.0754716981132075,1.166666666666667,1.0564516129032258,1.1500000000000001,1.0,1.7999999999999998,2.0,1.0,0.5,1.666666666666667,1.4000000000000004,Starting
13,0.02,-0.018867924528301886,0.041666666666666664,0.008064516129032258,0.05,0.2,0.0,0.0,0.16666666666666666,0.125,0.0,0.1,Difference
14,1.06,1.0566037735849056,1.2083333333333337,1.064516129032258,1.2000000000000002,1.2,1.7999999999999998,2.0,1.1666666666666667,0.625,1.666666666666667,1.5000000000000004,Final
15,1.06,1.0566037735849056,1.2083333333333337,1.064516129032258,1.2000000000000002,1.2,1.7999999999999998,2.0,1.1666666666666667,0.625,1.666666666666667,1.5000000000000004,Starting
16,0.01,0.018867924528301886,0.0,0.016129032258064516,0.05,0.0,0.2,0.0,-0.16666666666666666,-0.125,0.0,0.1,Difference
17,1.07,1.0754716981132075,1.2083333333333337,1.0806451612903225,1.2500000000000002,1.2,1.9999999999999998,2.0,1.0,0.5,1.666666666666667,1.6000000000000005,Final
18,1.07,1.0754716981132075,1.2083333333333337,1.0806451612903225,1.2500000000000002,1.2,1.9999999999999998,2.0,1.0,0.5,1.666666666666667,1.6000000000000005,Starting
19,0.01,0.018867924528301886,0.0,0.016129032258064516,0.05,0.0,0.2,0.0,-0.16666666666666666,-0.125,0.0,0.1,Difference
20,1.08,1.0943396226415094,1.2083333333333337,1.096774193548387,1.3000000000000003,1.2,2.1999999999999997,2.0,0.8333333333333334,0.375,1.666666666666667,1.7000000000000006,Final
21,1.08,1.0943396226415094,1.2083333333333337,1.096774193548387,1.3000000000000003,1.2,2.1999999999999997,2.0,0.8333333333333334,0.375,1.666666666666667,1.7000000000000006,Starting
22,-0.01,-0.018867924528301886,0.041666666666666664,-0.016129032258064516,-0.05,0.0,-0.2,0.0,0.16666666666666666,0.125,0.0,-0.1,Difference
23,1.07,1.0754716981132075,1.2500000000000004,1.0806451612903225,1.2500000000000002,1.2,1.9999999999999998,2.0,1.0,0.5,1.666666666666667,1.6000000000000005,Final
24,1.07,1.0754716981132075,1.2500000000000004,1.0806451612903225,1.2500000000000002,1.2,1.9999999999999998,2.0,1.0,0.5,1.666666666666667,1.6000000000000005,Starting
25,-0.01,-0.018867924528301886,0.041666666666666664,-0.008064516129032258,0.05,0.0,0.0,0.0,0.0,0.125,0.0,0.1,Difference
26,1.06,1.0566037735849056,1.2916666666666672,1.0725806451612903,1.3000000000000003,1.2,1.9999999999999998,2.0,1.0,0.625,1.666666666666667,1.7000000000000006,Final
27,1.06,1.0566037735849056,1.2916666666666672,1.0725806451612903,1.3000000000000003,1.2,1.9999999999999998,2.0,1.0,0.625,1.666666666666667,1.7000000000000006,Starting
28,-0.01,-0.018867924528301886,0.041666666666666664,-0.008064516129032258,0.05,0.0,0.0,0.0,0.0,0.125,0.0,0.1,Difference
29,1.05,1.0377358490566038,1.333333333333334,1.064516129032258,1.3500000000000003,1.2,1.9999999999999998,2.0,1.0,0.75,1.666666666666667,1.8000000000000007,Final
30,1.05,1.0377358490566038,1.333333333333334,1.064516129032258,1.3500000000000003,1.2,1.9999999999999998,2.0,1.0,0.75,1.666666666666667,1.8000000000000007,Starting
31,0.01,0.018867924528301886,0.041666666666666664,0.008064516129032258,0.05,0.0,0.2,0.0,-0.16666666666666666,-0.125,0.0,-0.1,Difference
32,1.06,1.0566037735849056,1.3750000000000007,1.0725806451612903,1.4000000000000004,1.2,2.1999999999999997,2.0,0.8333333333333334,0.625,1.666666666666667,1.7000000000000006,Final
33,1.06,1.0566037735849056,1.3750000000000007,1.0725806451612903,1.4000000000000004,1.2,2.1999999999999997,2.0,0.8333333333333334,0.625,1.666666666666667,1.7000000000000006,Starting
34,0.01,0.018867924528301886,0.041666666666666664,0.008064516129032258,0.05,0.0,0.2,0.0,-0.16666666666666666,-0.125,0.0,-0.1,Difference
35,1.07,1.0754716981132075,1.4166666666666674,1.0806451612903225,1.4500000000000004,1.2,2.4,2.0,0.6666666666666667,0.5,1.666666666666667,1.6000000000000005,Final
36,1.07,1.0754716981132075,1.4166666666666674,1.0806451612903225,1.4500000000000004,1.2,2.4,2.0,0.6666666666666667,0.5,1.666666666666667,1.6000000000000005,Starting
37,0.01,0.018867924528301886,0.041666666666666664,0.008064516129032258,0.05,0.0,0.2,0.0,-0.16666666666666666,-0.125,0.0,-0.1,Difference
38,1.08,1.0943396226415094,1.4583333333333341,1.0887096774193548,1.5000000000000004,1.2,2.6,2.0,0.5000000000000001,0.375,1.666666666666667,1.5000000000000004,Final
39,1.08,1.0943396226415094,1.4583333333333341,1.0887096774193548,1.5000000000000004,1.2,2.6,2.0,0.5000000000000001,0.375,1.666666666666667,1.5000000000000004,Starting
40,0.02,0.0,0.041666666666666664,0.016129032258064516,0.0,0.0,0.0,0.0,0.3333333333333333,0.125,0.0,-0.1,Difference
41,1.1,1.0943396226415094,1.5000000000000009,1.1048387096774193,1.5000000000000004,1.2,2.6,2.0,0.8333333333333335,0.5,1.666666666666667,1.4000000000000004,Final
42,1.1,1.0943396226415094,1.5000000000000009,1.1048387096774193,1.5000000000000004,1.2,2.6,2.0,0.8333333333333335,0.5,1.666666666666667,1.4000000000000004,Starting
43,0.01,0.018867924528301886,0.041666666666666664,0.008064516129032258,0.0,0.0,0.2,0.0,-0.16666666666666666,-0.125,0.0,-0.1,Difference
44,1.11,1.1132075471698113,1.5416666666666676,1.1129032258064515,1.5000000000000004,1.2,2.8000000000000003,2.0,0.6666666666666669,0.375,1.666666666666667,1.3000000000000003,Final
45,1.11,1.1132075471698113,1.5416666666666676,1.1129032258064515,1.5000000000000004,1.2,2.8000000000000003,2.0,0.6666666666666669,0.375,1.666666666666667,1.3000000000000003,Starting
46,-0.01,0.018867924528301886,0.0,0.0,0.0,0.0,0.0,0.0,0.0,0.125,0.0,0.0,Difference
47,1.1,1.1320754716981132,1.5416666666666676,1.1129032258064515,1.5000000000000004,1.2,2.8000000000000003,2.0,0.6666666666666669,0.5,1.666666666666667,1.3000000000000003,Final
48,1.1,1.1320754716981132,1.5416666666666676,1.1129032258064515,1.5000000000000004,1.2,2.8000000000000003,2.0,0.6666666666666669,0.5,1.666666666666667,1.3000000000000003,Starting
49,-0.01,0.018867924528301886,0.0,0.0,0.0,0.0,0.0,0.0,0.0,0.0,0.0,0.0,Difference
50,1.09,1.150943396226415,1.5416666666666676,1.1129032258064515,1.5000000000000004,1.2,2.8000000000000003,2.0,0.6666666666666669,0.5,1.666666666666667,1.3000000000000003,Final
51,1.09,1.150943396226415,1.5416666666666676,1.1129032258064515,1.5000000000000004,1.2,2.8000000000000003,2.0,0.6666666666666669,0.5,1.666666666666667,1.3000000000000003,Starting
52,,,,,,,,,,,,,Difference
53,1.09,1.150943396226415,1.5416666666666676,1.1129032258064515,1.5000000000000004,1.2,2.8000000000000003,2.0,0.6666666666666669,0.5,1.666666666666667,1.3000000000000003,Final
54,1.09,1.150943396226415,1.5416666666666676,1.1129032258064515,1.5000000000000004,1.2,2.8000000000000003,2.0,0.6666666666666669,0.5,1.666666666666667,1.3000000000000003,Starting
55,,,,,,,,,,,,,Difference
56,1.09,1.150943396226415,1.5416666666666676,1.1129032258064515,1.5000000000000004,1.2,2.8000000000000003,2.0,0.6666666666666669,0.5,1.666666666666667,1.3000000000000003,Final
57,1.09,1.150943396226415,1.5416666666666676,1.1129032258064515,1.5000000000000004,1.2,2.8000000000000003,2.0,0.6666666666666669,0.5,1.666666666666667,1.3000000000000003,Starting
58,-0.01,0.018867924528301886,0.0,0.008064516129032258,0.0,0.0,0.0,0.0,0.0,0.0,0.0,0.1,Difference
59,1.08,1.169811320754717,1.5416666666666676,1.1209677419354838,1.5000000000000004,1.2,2.8000000000000003,2.0,0.6666666666666669,0.5,1.666666666666667,1.4000000000000004,Final
60,1.08,1.169811320754717,1.5416666666666676,1.1209677419354838,1.5000000000000004,1.2,2.8000000000000003,2.0,0.6666666666666669,0.5,1.666666666666667,1.4000000000000004,Starting
61,0.01,-0.018867924528301886,0.041666666666666664,-0.008064516129032258,0.0,0.0,0.0,0.0,0.0,0.125,0.0,-0.1,Difference
62,1.09,1.150943396226415,1.5833333333333344,1.1129032258064515,1.5000000000000004,1.2,2.8000000000000003,2.0,0.6666666666666669,0.625,1.666666666666667,1.3000000000000003,Final
63,1.09,1.150943396226415,1.5833333333333344,1.1129032258064515,1.5000000000000004,1.2,2.8000000000000003,2.0,0.6666666666666669,0.625,1.666666666666667,1.3000000000000003,Starting
64,0.02,-0.018867924528301886,0.041666666666666664,0.008064516129032258,0.0,0.0,0.0,0.0,0.0,0.125,0.0,0.0,Difference
65,1.11,1.1320754716981132,1.625000000000001,1.1209677419354838,1.5000000000000004,1.2,2.8000000000000003,2.0,0.6666666666666669,0.75,1.666666666666667,1.3000000000000003,Final
66,1.11,1.1320754716981132,1.625000000000001,1.1209677419354838,1.5000000000000004,1.2,2.8000000000000003,2.0,0.6666666666666669,0.75,1.666666666666667,1.3000000000000003,Starting
67,-0.01,0.018867924528301886,0.0,0.008064516129032258,0.0,0.0,0.0,0.0,0.0,0.0,0.0,0.1,Difference
68,1.1,1.150943396226415,1.625000000000001,1.129032258064516,1.5000000000000004,1.2,2.8000000000000003,2.0,0.6666666666666669,0.75,1.666666666666667,1.4000000000000004,Final
69,1.1,1.150943396226415,1.625000000000001,1.129032258064516,1.5000000000000004,1.2,2.8000000000000003,2.0,0.6666666666666669,0.75,1.666666666666667,1.4000000000000004,Starting
70,-0.01,0.018867924528301886,0.0,0.008064516129032258,0.0,0.0,0.0,0.0,0.0,0.0,0.0,0.1,Difference
71,1.09,1.169811320754717,1.625000000000001,1.1370967741935483,1.5000000000000004,1.2,2.8000000000000003,2.0,0.6666666666666669,0.75,1.666666666666667,1.5000000000000004,Final
72,1.09,1.169811320754717,1.625000000000001,1.1370967741935483,1.5000000000000004,1.2,2.8000000000000003,2.0,0.6666666666666669,0.75,1.666666666666667,1.5000000000000004,Starting
73,0.01,-0.018867924528301886,0.041666666666666664,0.008064516129032258,0.0,0.0,0.0,0.0,0.0,0.125,0.0,0.0,Difference
74,1.1,1.150943396226415,1.6666666666666679,1.1451612903225805,1.5000000000000004,1.2,2.8000000000000003,2.0,0.6666666666666669,0.875,1.666666666666667,1.5000000000000004,Final
75,1.1,1.150943396226415,1.6666666666666679,1.1451612903225805,1.5000000000000004,1.2,2.8000000000000003,2.0,0.6666666666666669,0.875,1.666666666666667,1.5000000000000004,Starting
76,0.01,0.018867924528301886,0.0,-0.008064516129032258,0.0,0.0,0.0,0.0,0.0,0.0,0.0,-0.1,Difference
77,1.11,1.169811320754717,1.6666666666666679,1.1370967741935483,1.5000000000000004,1.2,2.8000000000000003,2.0,0.6666666666666669,0.875,1.666666666666667,1.4000000000000004,Final
78,1.11,1.169811320754717,1.6666666666666679,1.1370967741935483,1.5000000000000004,1.2,2.8000000000000003,2.0,0.6666666666666669,0.875,1.666666666666667,1.4000000000000004,Starting
79,0.01,0.0,0.0,-0.008064516129032258,0.0,0.0,0.0,0.0,0.0,0.125,0.0,0.0,Difference
80,1.12,1.169811320754717,1.6666666666666679,1.129032258064516,1.5000000000000004,1.2,2.8000000000000003,2.0,0.6666666666666669,1.0,1.666666666666667,1.4000000000000004,Final
81,1.12,1.169811320754717,1.6666666666666679,1.129032258064516,1.5000000000000004,1.2,2.8000000000000003,2.0,0.6666666666666669,1.0,1.666666666666667,1.4000000000000004,Starting
82,-0.01,0.018867924528301886,0.0,0.008064516129032258,0.0,0.0,0.0,0.0,0.0,0.0,0.0,0.1,Difference
83,1.11,1.1886792452830188,1.6666666666666679,1.1370967741935483,1.5000000000000004,1.2,2.8000000000000003,2.0,0.6666666666666669,1.0,1.666666666666667,1.5000000000000004,Final
84,1.11,1.1886792452830188,1.6666666666666679,1.1370967741935483,1.5000000000000004,1.2,2.8000000000000003,2.0,0.6666666666666669,1.0,1.666666666666667,1.5000000000000004,Starting
85,-0.01,0.0,0.0,0.008064516129032258,0.0,0.0,0.0,0.0,0.0,-0.125,0.0,0.0,Difference
86,1.1,1.1886792452830188,1.6666666666666679,1.1451612903225805,1.5000000000000004,1.2,2.8000000000000003,2.0,0.6666666666666669,0.875,1.666666666666667,1.5000000000000004,Final
87,1.1,1.1886792452830188,1.6666666666666679,1.1451612903225805,1.5000000000000004,1.2,2.8000000000000003,2.0,0.6666666666666669,0.875,1.666666666666667,1.5000000000000004,Starting
88,-0.01,0.018867924528301886,0.0,0.008064516129032258,0.0,0.0,0.0,0.0,0.0,0.0,0.0,0.1,Difference
89,1.09,1.2075471698113207,1.6666666666666679,1.1532258064516128,1.5000000000000004,1.2,2.8000000000000003,2.0,0.6666666666666669,0.875,1.666666666666667,1.6000000000000005,Final
90,1.09,1.2075471698113207,1.6666666666666679,1.1532258064516128,1.5000000000000004,1.2,2.8000000000000003,2.0,0.6666666666666669,0.875,1.666666666666667,1.6000000000000005,Starting
91,0.01,0.0,0.0,-0.008064516129032258,0.0,0.0,0.0,0.0,0.0,0.125,0.0,0.0,Difference
92,1.1,1.2075471698113207,1.6666666666666679,1.1451612903225805,1.5000000000000004,1.2,2.8000000000000003,2.0,0.6666666666666669,1.0,1.666666666666667,1.6000000000000005,Final
93,1.1,1.2075471698113207,1.6666666666666679,1.1451612903225805,1.5000000000000004,1.2,2.8000000000000003,2.0,0.6666666666666669,1.0,1.666666666666667,1.6000000000000005,Starting
94,-0.01,0.018867924528301886,0.0,0.008064516129032258,0.0,0.0,0.0,0.0,0.0,0.0,0.0,0.1,Difference
95,1.09,1.2264150943396226,1.6666666666666679,1.1532258064516128,1.5000000000000004,1.2,2.8000000000000003,2.0,0.6666666666666669,1.0,1.666666666666667,1.7000000000000006,Final
96,1.09,1.2264150943396226,1.6666666666666679,1.1532258064516128,1.5000000000000004,1.2,2.8000000000000003,2.0,0.6666666666666669,1.0,1.666666666666667,1.7000000000000006,Starting
97,0.01,0.0,0.0,-0.008064516129032258,0.0,0.0,0.0,0.0,0.0,0.125,0.0,0.0,Difference
98,1.1,1.2264150943396226,1.6666666666666679,1.1451612903225805,1.5000000000000004,1.2,2.8000000000000003,2.0,0.6666666666666669,1.125,1.666666666666667,1.7000000000000006,Final
99,1.1,1.2264150943396226,1.6666666666666679,1.1451612903225805,1.5000000000000004,1.2,2.8000000000000003,2.0,0.6666666666666669,1.125,1.666666666666667,1.7000000000000006,Starting
100,-0.01,0.018867924528301886,0.0,0.008064516129032258,0.0,0.0,0.0,0.0,0.0,0.0,0.0,0.1,Difference
101,1.09,1.2452830188679245,1.6666666666666679,1.1532258064516128,1.5000000000000004,1.2,2.8000000000000003,2.0,0.6666666666666669,1.125,1.666666666666667,1.8000000000000007,Final
102,1.09,1.2452830188679245,1.6666666666666679,1.1532258064516128,1.5000000000000004,1.2,2.8000000000000003,2.0,0.6666666666666669,1.125,1.666666666666667,1.8000000000000007,Starting
103,-0.01,0.0,0.0,0.008064516129032258,0.0,0.0,0.0,0.0,0.0,-0.125,0.0,0.0,Difference
104,1.08,1.2452830188679245,1.6666666666666679,1.161290322580645,1.5000000000000004,1.2,2.8000000000000003,2.0,0.6666666666666669,1.0,1.666666666666667,1.8000000000000007,Final
105,1.08,1.2452830188679245,1.6666666666666679,1.161290322580645,1.5000000000000004,1.2,2.8000000000000003,2.0,0.6666666666666669,1.0,1.666666666666667,1.8000000000000007,Starting
106,0.01,0.018867924528301886,0.0,-0.008064516129032258,0.0,0.0,0.0,0.0,0.0,0.0,0.0,-0.1,Difference
107,1.09,1.2641509433962264,1.6666666666666679,1.1532258064516128,1.5000000000000004,1.2,2.8000000000000003,2.0,0.6666666666666669,1.0,1.666666666666667,1.7000000000000006,Final
108,1.09,1.2641509433962264,1.6666666666666679,1.1532258064516128,1.5000000000000004,1.2,2.8000000000000003,2.0,0.6666666666666669,1.0,1.666666666666667,1.7000000000000006,Starting
109,0.01,0.0,0.0,-0.008064516129032258,0.0,0.0,0.0,0.0,0.0,0.125,0.0,0.0,Difference
110,1.1,1.2641509433962264,1.6666666666666679,1.1451612903225805,1.5000000000000004,1.2,2.8000000000000003,2.0,0.6666666666666669,1.125,1.666666666666667,1.7000000000000006,Final
111,1.1,1.2641509433962264,1.6666666666666679,1.1451612903225805,1.5000000000000004,1.2,2.8000000000000003,2.0,0.6666666666666669,1.125,1.666666666666667,1.7000000000000006,Starting
112,0.01,0.018867924528301886,0.0,-0.008064516129032258,0.0,0.0,0.0,0.0,0.0,0.0,0.0,-0.1,Difference
113,1.11,1.2830188679245282,1.6666666666666679,1.1370967741935483,1.5000000000000004,1.2,2.8000000000000003,2.0,0.6666666666666669,1.125,1.666666666666667,1.6000000000000005,Final
114,1.11,1.2830188679245282,1.6666666666666679,1.1370967741935483,1.5000000000000004,1.2,2.8000000000000003,2.0,0.6666666666666669,1.125,1.666666666666667,1.6000000000000005,Starting
115,0.01,0.0,0.0,-0.008064516129032258,0.0,0.0,0.0,0.0,0.0,0.125,0.0,0.0,Difference
116,1.12,1.2830188679245282,1.6666666666666679,1.129032258064516,1.5000000000000004,1.2,2.8000000000000003,2.0,0.6666666666666669,1.25,1.666666666666667,1.6000000000000005,Final
117,1.12,1.2830188679245282,1.6666666666666679,1.129032258064516,1.5000000000000004,1.2,2.8000000000000003,2.0,0.6666666666666669,1.25,1.666666666666667,1.6000000000000005,Starting
118,-0.01,0.018867924528301886,0.0,0.008064516129032258,0.0,0.0,0.0,0.0,0.0,0.0,0.0,0.1,Difference
119,1.11,1.3018867924528301,1.6666666666666679,1.1370967741935483,1.5000000000000004,1.2,2.8000000000000003,2.0,0.6666666666666669,1.25,1.666666666666667,1.7000000000000006,Final
120,1.11,1.3018867924528301,1.6666666666666679,1.1370967741935483,1.5000000000000004,1.2,2.8000000000000003,2.0,0.6666666666666669,1.25,1.666666666666667,1.7000000000000006,Starting
121,0.01,0.0,0.0,-0.008064516129032258,0.0,0.0,0.0,0.0,0.0,0.125,0.0,0.0,Difference
122,1.12,1.3018867924528301,1.6666666666666679,1.129032258064516,1.5000000000000004,1.2,2.8000000000000003,2.0,0.6666666666666669,1.375,1.666666666666667,1.7000000000000006,Final
123,1.12,1.3018867924528301,1.6666666666666679,1.129032258064516,1.5000000000000004,1.2,2.8000000000000003,2.0,0.6666666666666669,1.375,1.666666666666667,1.7000000000000006,Starting
124,,,,,,,,,,,,,Difference
125,1.12,1.3018867924528301,1.6666666666666679,1.129032258064516,1.5000000000000004,1.2,2.8000000000000003,2.0,0.6666666666666669,1.375,1.666666666666667,1.7000000000000006,Final
126,1.12,1.3018867924528301,1.6666666666666679,1.129032258064516,1.5000000000000004,1.2,2.8000000000000003,2.0,0.6666666666666669,1.375,1.666666666666667,1.7000000000000006,Starting
127,0.01,0.0,0.0,-0.008064516129032258,0.0,0.0,0.0,0.0,0.0,0.125,0.0,0.0,Difference
128,1.1300000000000001,1.3018867924528301,1.6666666666666679,1.1209677419354838,1.5000000000000004,1.2,2.8000000000000003,2.0,0.6666666666666669,1.5,1.666666666666667,1.7000000000000006,Final
129,1.1300000000000001,1.3018867924528301,1.6666666666666679,1.1209677419354838,1.5000000000000004,1.2,2.8000000000000003,2.0,0.6666666666666669,1.5,1.666666666666667,1.7000000000000006,Starting
130,,,,,,,,,,,,,Difference
131,1.1300000000000001,1.3018867924528301,1.6666666666666679,1.1209677419354838,1.5000000000000004,1.2,2.8000000000000003,2.0,0.6666666666666669,1.5,1.666666666666667,1.7000000000000006,Final
132,1.1300000000000001,1.3018867924528301,1.6666666666666679,1.1209677419354838,1.5000000000000004,1.2,2.8000000000000003,2.0,0.6666666666666669,1.5,1.666666666666667,1.7000000000000006,Starting
133,0.02,0.0,0.0,0.008064516129032258,0.0,0.0,0.0,0.0,0.0,0.125,0.0,-0.1,Difference
134,1.1500000000000001,1.3018867924528301,1.6666666666666679,1.129032258064516,1.5000000000000004,1.2,2.8000000000000003,2.0,0.6666666666666669,1.625,1.666666666666667,1.6000000000000005,Final
135,1.1500000000000001,1.3018867924528301,1.6666666666666679,1.129032258064516,1.5000000000000004,1.2,2.8000000000000003,2.0,0.6666666666666669,1.625,1.666666666666667,1.6000000000000005,Starting
136,,,,,,,,,,,,,Difference
137,1.1500000000000001,1.3018867924528301,1.6666666666666679,1.129032258064516,1.5000000000000004,1.2,2.8000000000000003,2.0,0.6666666666666669,1.625,1.666666666666667,1.6000000000000005,Final
138,1.1500000000000001,1.3018867924528301,1.6666666666666679,1.129032258064516,1.5000000000000004,1.2,2.8000000000000003,2.0,0.6666666666666669,1.625,1.666666666666667,1.6000000000000005,Starting
139,,,,,,,,,,,,,Difference
140,1.1500000000000001,1.3018867924528301,1.6666666666666679,1.129032258064516,1.5000000000000004,1.2,2.8000000000000003,2.0,0.6666666666666669,1.625,1.666666666666667,1.6000000000000005,Final
141,1.1500000000000001,1.3018867924528301,1.6666666666666679,1.129032258064516,1.5000000000000004,1.2,2.8000000000000003,2.0,0.6666666666666669,1.625,1.666666666666667,1.6000000000000005,Starting
142,,,,,,,,,,,,,Difference
143,1.1500000000000001,1.3018867924528301,1.6666666666666679,1.129032258064516,1.5000000000000004,1.2,2.8000000000000003,2.0,0.6666666666666669,1.625,1.666666666666667,1.6000000000000005,Final
144,1.1500000000000001,1.3018867924528301,1.6666666666666679,1.129032258064516,1.5000000000000004,1.2,2.8000000000000003,2.0,0.6666666666666669,1.625,1.666666666666667,1.6000000000000005,Starting
145,,,,,,,,,,,,,Difference
146,1.1500000000000001,1.3018867924528301,1.6666666666666679,1.129032258064516,1.5000000000000004,1.2,2.8000000000000003,2.0,0.6666666666666669,1.625,1.666666666666667,1.6000000000000005,Final
147,1.1500000000000001,1.3018867924528301,1.6666666666666679,1.129032258064516,1.5000000000000004,1.2,2.8000000000000003,2.0,0.6666666666666669,1.625,1.666666666666667,1.6000000000000005,Starting
148,,,,,,,,,,,,,Difference
149,1.1500000000000001,1.3018867924528301,1.6666666666666679,1.129032258064516,1.5000000000000004,1.2,2.8000000000000003,2.0,0.6666666666666669,1.625,1.666666666666667,1.6000000000000005,Final
150,1.1500000000000001,1.3018867924528301,1.6666666666666679,1.129032258064516,1.5000000000000004,1.2,2.8000000000000003,2.0,0.6666666666666669,1.625,1.666666666666667,1.6000000000000005,Starting
151,0.02,-0.018867924528301886,0.0,0.008064516129032258,0.0,0.0,0.0,0.0,0.0,0.125,0.0,-0.1,Difference
152,1.1700000000000002,1.2830188679245282,1.6666666666666679,1.1370967741935483,1.5000000000000004,1.2,2.8000000000000003,2.0,0.6666666666666669,1.75,1.666666666666667,1.5000000000000004,Final
153,1.1700000000000002,1.2830188679245282,1.6666666666666679,1.1370967741935483,1.5000000000000004,1.2,2.8000000000000003,2.0,0.6666666666666669,1.75,1.666666666666667,1.5000000000000004,Starting
154,,,,,,,,,,,,,Difference
155,1.1700000000000002,1.2830188679245282,1.6666666666666679,1.1370967741935483,1.5000000000000004,1.2,2.8000000000000003,2.0,0.6666666666666669,1.75,1.666666666666667,1.5000000000000004,Final
156,1.1700000000000002,1.2830188679245282,1.6666666666666679,1.1370967741935483,1.5000000000000004,1.2,2.8000000000000003,2.0,0.6666666666666669,1.75,1.666666666666667,1.5000000000000004,Starting
157,0.07,-0.018867924528301886,0.0,0.04032258064516129,0.0,0.0,0.0,0.0,0.0,0.125,0.0,-0.1,Difference
158,1.2400000000000002,1.2641509433962264,1.6666666666666679,1.1774193548387095,1.5000000000000004,1.2,2.8000000000000003,2.0,0.6666666666666669,1.875,1.666666666666667,1.4000000000000004,Final
159,1.2400000000000002,1.2641509433962264,1.6666666666666679,1.1774193548387095,1.5000000000000004,1.2,2.8000000000000003,2.0,0.6666666666666669,1.875,1.666666666666667,1.4000000000000004,Starting
160,,,,,,,,,,,,,Difference
161,1.2400000000000002,1.2641509433962264,1.6666666666666679,1.1774193548387095,1.5000000000000004,1.2,2.8000000000000003,2.0,0.6666666666666669,1.875,1.666666666666667,1.4000000000000004,Final
162,1.2400000000000002,1.2641509433962264,1.6666666666666679,1.1774193548387095,1.5000000000000004,1.2,2.8000000000000003,2.0,0.6666666666666669,1.875,1.666666666666667,1.4000000000000004,Starting
163,-0.03,0.018867924528301886,0.0,-0.024193548387096774,0.0,0.0,0.0,0.0,0.0,0.0,0.0,-0.1,Difference
164,1.2100000000000002,1.2830188679245282,1.6666666666666679,1.1532258064516128,1.5000000000000004,1.2,2.8000000000000003,2.0,0.6666666666666669,1.875,1.666666666666667,1.3000000000000003,Final
165,1.2100000000000002,1.2830188679245282,1.6666666666666679,1.1532258064516128,1.5000000000000004,1.2,2.8000000000000003,2.0,0.6666666666666669,1.875,1.666666666666667,1.3000000000000003,Starting
166,,,,,,,,,,,,,Difference
167,1.2100000000000002,1.2830188679245282,1.6666666666666679,1.1532258064516128,1.5000000000000004,1.2,2.8000000000000003,2.0,0.6666666666666669,1.875,1.666666666666667,1.3000000000000003,Final
168,1.2100000000000002,1.2830188679245282,1.6666666666666679,1.1532258064516128,1.5000000000000004,1.2,2.8000000000000003,2.0,0.6666666666666669,1.875,1.666666666666667,1.3000000000000003,Starting
169,,,,,,,,,,,,,Difference
170,1.2100000000000002,1.2830188679245282,1.6666666666666679,1.1532258064516128,1.5000000000000004,1.2,2.8000000000000003,2.0,0.6666666666666669,1.875,1.666666666666667,1.3000000000000003,Final
171,1.2100000000000002,1.2830188679245282,1.6666666666666679,1.1532258064516128,1.5000000000000004,1.2,2.8000000000000003,2.0,0.6666666666666669,1.875,1.666666666666667,1.3000000000000003,Starting
172,,,,,,,,,,,,,Difference
173,1.2100000000000002,1.2830188679245282,1.6666666666666679,1.1532258064516128,1.5000000000000004,1.2,2.8000000000000003,2.0,0.6666666666666669,1.875,1.666666666666667,1.3000000000000003,Final
174,1.2100000000000002,1.2830188679245282,1.6666666666666679,1.1532258064516128,1.5000000000000004,1.2,2.8000000000000003,2.0,0.6666666666666669,1.875,1.666666666666667,1.3000000000000003,Starting
175,,,,,,,,,,,,,Difference
176,1.2100000000000002,1.2830188679245282,1.6666666666666679,1.1532258064516128,1.5000000000000004,1.2,2.8000000000000003,2.0,0.6666666666666669,1.875,1.666666666666667,1.3000000000000003,Final
177,1.2100000000000002,1.2830188679245282,1.6666666666666679,1.1532258064516128,1.5000000000000004,1.2,2.8000000000000003,2.0,0.6666666666666669,1.875,1.666666666666667,1.3000000000000003,Starting
178,,,,,,,,,,,,,Difference
179,1.2100000000000002,1.2830188679245282,1.6666666666666679,1.1532258064516128,1.5000000000000004,1.2,2.8000000000000003,2.0,0.6666666666666669,1.875,1.666666666666667,1.3000000000000003,Final
180,1.2100000000000002,1.2830188679245282,1.6666666666666679,1.1532258064516128,1.5000000000000004,1.2,2.8000000000000003,2.0,0.6666666666666669,1.875,1.666666666666667,1.3000000000000003,Starting
181,0.01,0.018867924528301886,-0.041666666666666664,0.008064516129032258,0.0,0.0,0.0,0.0,0.0,0.125,0.0,-0.2,Difference
182,1.2200000000000002,1.3018867924528301,1.625000000000001,1.161290322580645,1.5000000000000004,1.2,2.8000000000000003,2.0,0.6666666666666669,2.0,1.666666666666667,1.1000000000000003,Final
183,1.2200000000000002,1.3018867924528301,1.625000000000001,1.161290322580645,1.5000000000000004,1.2,2.8000000000000003,2.0,0.6666666666666669,2.0,1.666666666666667,1.1000000000000003,Starting
184,,,,,,,,,,,,,Difference
185,1.2200000000000002,1.3018867924528301,1.625000000000001,1.161290322580645,1.5000000000000004,1.2,2.8000000000000003,2.0,0.6666666666666669,2.0,1.666666666666667,1.1000000000000003,Final
186,1.2200000000000002,1.3018867924528301,1.625000000000001,1.161290322580645,1.5000000000000004,1.2,2.8000000000000003,2.0,0.6666666666666669,2.0,1.666666666666667,1.1000000000000003,Starting
187,0.01,0.018867924528301886,-0.041666666666666664,0.008064516129032258,0.0,0.0,0.0,0.0,0.0,0.125,0.0,-0.2,Difference
188,1.2300000000000002,1.320754716981132,1.5833333333333344,1.1693548387096773,1.5000000000000004,1.2,2.8000000000000003,2.0,0.6666666666666669,2.125,1.666666666666667,0.9000000000000004,Final
189,1.2300000000000002,1.320754716981132,1.5833333333333344,1.1693548387096773,1.5000000000000004,1.2,2.8000000000000003,2.0,0.6666666666666669,2.125,1.666666666666667,0.9000000000000004,Starting
190,0.01,0.018867924528301886,-0.041666666666666664,0.008064516129032258,0.0,0.0,0.0,0.0,0.0,0.125,0.0,-0.2,Difference
191,1.2400000000000002,1.3396226415094339,1.5416666666666676,1.1774193548387095,1.5000000000000004,1.2,2.8000000000000003,2.0,0.6666666666666669,2.25,1.666666666666667,0.7000000000000004,Final
192,1.2400000000000002,1.3396226415094339,1.5416666666666676,1.1774193548387095,1.5000000000000004,1.2,2.8000000000000003,2.0,0.6666666666666669,2.25,1.666666666666667,0.7000000000000004,Starting
193,0.01,0.018867924528301886,-0.041666666666666664,0.008064516129032258,0.0,0.0,0.0,0.0,0.0,0.125,0.0,-0.2,Difference
194,1.2500000000000002,1.3584905660377358,1.5000000000000009,1.1854838709677418,1.5000000000000004,1.2,2.8000000000000003,2.0,0.6666666666666669,2.375,1.666666666666667,0.5000000000000004,Final
195,1.2500000000000002,1.3584905660377358,1.5000000000000009,1.1854838709677418,1.5000000000000004,1.2,2.8000000000000003,2.0,0.6666666666666669,2.375,1.666666666666667,0.5000000000000004,Starting
196,0.01,0.018867924528301886,-0.041666666666666664,0.008064516129032258,0.0,0.0,0.0,0.0,0.0,0.125,0.0,-0.2,Difference
197,1.2600000000000002,1.3773584905660377,1.4583333333333341,1.193548387096774,1.5000000000000004,1.2,2.8000000000000003,2.0,0.6666666666666669,2.5,1.666666666666667,0.30000000000000043,Final
198,1.2600000000000002,1.3773584905660377,1.4583333333333341,1.193548387096774,1.5000000000000004,1.2,2.8000000000000003,2.0,0.6666666666666669,2.5,1.666666666666667,0.30000000000000043,Starting
199,0.01,0.018867924528301886,0.0,0.008064516129032258,0.0,0.0,0.0,0.0,0.0,0.0,0.0,-0.1,Difference
200,1.2700000000000002,1.3962264150943395,1.4583333333333341,1.2016129032258063,1.5000000000000004,1.2,2.8000000000000003,2.0,0.6666666666666669,2.5,1.666666666666667,0.20000000000000043,Final
201,1.2700000000000002,1.3962264150943395,1.4583333333333341,1.2016129032258063,1.5000000000000004,1.2,2.8000000000000003,2.0,0.6666666666666669,2.5,1.666666666666667,0.20000000000000043,Starting
202,0.01,0.018867924528301886,0.0,0.008064516129032258,0.0,0.0,0.0,0.0,0.0,0.0,0.0,-0.1,Difference
203,1.2800000000000002,1.4150943396226414,1.4583333333333341,1.2096774193548385,1.5000000000000004,1.2,2.8000000000000003,2.0,0.6666666666666669,2.5,1.666666666666667,0.10000000000000042,Final
204,1.2800000000000002,1.4150943396226414,1.4583333333333341,1.2096774193548385,1.5000000000000004,1.2,2.8000000000000003,2.0,0.6666666666666669,2.5,1.666666666666667,0.10000000000000042,Starting
205,,,,,,,,,,,,,Difference
206,1.2800000000000002,1.4150943396226414,1.4583333333333341,1.2096774193548385,1.5000000000000004,1.2,2.8000000000000003,2.0,0.6666666666666669,2.5,1.666666666666667,0.10000000000000042,Final
207,1.2800000000000002,1.4150943396226414,1.4583333333333341,1.2096774193548385,1.5000000000000004,1.2,2.8000000000000003,2.0,0.6666666666666669,2.5,1.666666666666667,0.10000000000000042,Starting
208,,,,,,,,,,,,,Difference
209,1.2800000000000002,1.4150943396226414,1.4583333333333341,1.2096774193548385,1.5000000000000004,1.2,2.8000000000000003,2.0,0.6666666666666669,2.5,1.666666666666667,0.10000000000000042,Final
210,1.2800000000000002,1.4150943396226414,1.4583333333333341,1.2096774193548385,1.5000000000000004,1.2,2.8000000000000003,2.0,0.6666666666666669,2.5,1.666666666666667,0.10000000000000042,Starting
211,-0.01,0.018867924528301886,0.0,0.008064516129032258,0.0,0.0,0.0,0.0,0.0,0.0,0.0,0.1,Difference
212,1.2700000000000002,1.4339622641509433,1.4583333333333341,1.2177419354838708,1.5000000000000004,1.2,2.8000000000000003,2.0,0.6666666666666669,2.5,1.666666666666667,0.20000000000000043,Final
213,1.2700000000000002,1.4339622641509433,1.4583333333333341,1.2177419354838708,1.5000000000000004,1.2,2.8000000000000003,2.0,0.6666666666666669,2.5,1.666666666666667,0.20000000000000043,Starting
214,-0.03,0.018867924528301886,0.0,-0.03225806451612903,0.0,0.0,0.0,0.0,0.0,0.0,0.0,-0.2,Difference
215,1.2400000000000002,1.4528301886792452,1.4583333333333341,1.1854838709677418,1.5000000000000004,1.2,2.8000000000000003,2.0,0.6666666666666669,2.5,1.666666666666667,0.001,Final
216,1.2400000000000002,1.4528301886792452,1.4583333333333341,1.1854838709677418,1.5000000000000004,1.2,2.8000000000000003,2.0,0.6666666666666669,2.5,1.666666666666667,0.001,Starting
217,-0.02,0.018867924528301886,0.0,-0.008064516129032258,0.0,0.0,0.0,0.0,0.0,0.0,0.0,-0.1,Difference
218,1.2200000000000002,1.471698113207547,1.4583333333333341,1.1774193548387095,1.5000000000000004,1.2,2.8000000000000003,2.0,0.6666666666666669,2.5,1.666666666666667,0.001,Final
219,1.2200000000000002,1.471698113207547,1.4583333333333341,1.1774193548387095,1.5000000000000004,1.2,2.8000000000000003,2.0,0.6666666666666669,2.5,1.666666666666667,0.001,Starting
220,0.03,-0.018867924528301886,0.0,0.03225806451612903,0.0,0.0,0.0,0.0,0.0,0.0,0.0,0.2,Difference
221,1.2500000000000002,1.4528301886792452,1.4583333333333341,1.2096774193548385,1.5000000000000004,1.2,2.8000000000000003,2.0,0.6666666666666669,2.5,1.666666666666667,0.201,Final
222,1.2500000000000002,1.4528301886792452,1.4583333333333341,1.2096774193548385,1.5000000000000004,1.2,2.8000000000000003,2.0,0.6666666666666669,2.5,1.666666666666667,0.201,Starting
223,,,,,,,,,,,,,Difference
224,1.2500000000000002,1.4528301886792452,1.4583333333333341,1.2096774193548385,1.5000000000000004,1.2,2.8000000000000003,2.0,0.6666666666666669,2.5,1.666666666666667,0.201,Final
225,1.2500000000000002,1.4528301886792452,1.4583333333333341,1.2096774193548385,1.5000000000000004,1.2,2.8000000000000003,2.0,0.6666666666666669,2.5,1.666666666666667,0.201,Starting
226,0.02,0.0,0.0,0.008064516129032258,0.0,0.0,0.0,0.0,0.0,0.0,0.0,-0.1,Difference
227,1.2700000000000002,1.4528301886792452,1.4583333333333341,1.2177419354838708,1.5000000000000004,1.2,2.8000000000000003,2.0,0.6666666666666669,2.5,1.666666666666667,0.101,Final
228,1.2700000000000002,1.4528301886792452,1.4583333333333341,1.2177419354838708,1.5000000000000004,1.2,2.8000000000000003,2.0,0.6666666666666669,2.5,1.666666666666667,0.101,Starting
229,0.02,-0.018867924528301886,0.08333333333333333,0.03225806451612903,0.0,0.0,0.0,0.0,0.0,0.0,0.0,0.4,Difference
230,1.2900000000000003,1.4339622641509433,1.5416666666666674,1.2499999999999998,1.5000000000000004,1.2,2.8000000000000003,2.0,0.6666666666666669,2.5,1.666666666666667,0.501,Final
231,1.2900000000000003,1.4339622641509433,1.5416666666666674,1.2499999999999998,1.5000000000000004,1.2,2.8000000000000003,2.0,0.6666666666666669,2.5,1.666666666666667,0.501,Starting
232,0.03,0.0,0.08333333333333333,0.04032258064516129,0.0,0.0,0.0,0.0,0.0,-0.125,0.0,0.3,Difference
233,1.3200000000000003,1.4339622641509433,1.6250000000000007,1.290322580645161,1.5000000000000004,1.2,2.8000000000000003,2.0,0.6666666666666669,2.375,1.666666666666667,0.8009999999999999,Final
234,1.3200000000000003,1.4339622641509433,1.6250000000000007,1.290322580645161,1.5000000000000004,1.2,2.8000000000000003,2.0,0.6666666666666669,2.375,1.666666666666667,0.8009999999999999,Starting
235,0.0,0.0,0.041666666666666664,-0.008064516129032258,0.0,0.0,0.0,0.0,0.0,0.0,0.0,0.2,Difference
236,1.3200000000000003,1.4339622641509433,1.6666666666666674,1.2822580645161288,1.5000000000000004,1.2,2.8000000000000003,2.0,0.6666666666666669,2.375,1.666666666666667,1.001,Final
237,1.3200000000000003,1.4339622641509433,1.6666666666666674,1.2822580645161288,1.5000000000000004,1.2,2.8000000000000003,2.0,0.6666666666666669,2.375,1.666666666666667,1.001,Starting
238,0.0,0.0,0.041666666666666664,-0.008064516129032258,0.0,0.0,0.0,0.0,0.0,0.0,0.0,0.2,Difference
239,1.3200000000000003,1.4339622641509433,1.7083333333333341,1.2741935483870965,1.5000000000000004,1.2,2.8000000000000003,2.0,0.6666666666666669,2.375,1.666666666666667,1.2009999999999998,Final
240,1.3200000000000003,1.4339622641509433,1.7083333333333341,1.2741935483870965,1.5000000000000004,1.2,2.8000000000000003,2.0,0.6666666666666669,2.375,1.666666666666667,1.2009999999999998,Starting
241,,,,,,,,,,,,,Difference
242,1.3200000000000003,1.4339622641509433,1.7083333333333341,1.2741935483870965,1.5000000000000004,1.2,2.8000000000000003,2.0,0.6666666666666669,2.375,1.666666666666667,1.2009999999999998,Final
243,1.3200000000000003,1.4339622641509433,1.7083333333333341,1.2741935483870965,1.5000000000000004,1.2,2.8000000000000003,2.0,0.6666666666666669,2.375,1.666666666666667,1.2009999999999998,Starting
244,,,,,,,,,,,,,Difference
245,1.3200000000000003,1.4339622641509433,1.7083333333333341,1.2741935483870965,1.5000000000000004,1.2,2.8000000000000003,2.0,0.6666666666666669,2.375,1.666666666666667,1.2009999999999998,Final
246,1.3200000000000003,1.4339622641509433,1.7083333333333341,1.2741935483870965,1.5000000000000004,1.2,2.8000000000000003,2.0,0.6666666666666669,2.375,1.666666666666667,1.2009999999999998,Starting
247,,,,,,,,,,,,,Difference
248,1.3200000000000003,1.4339622641509433,1.7083333333333341,1.2741935483870965,1.5000000000000004,1.2,2.8000000000000003,2.0,0.6666666666666669,2.375,1.666666666666667,1.2009999999999998,Final
249,1.3200000000000003,1.4339622641509433,1.7083333333333341,1.2741935483870965,1.5000000000000004,1.2,2.8000000000000003,2.0,0.6666666666666669,2.375,1.666666666666667,1.2009999999999998,Starting
250,,,,,,,,,,,,,Difference
251,1.3200000000000003,1.4339622641509433,1.7083333333333341,1.2741935483870965,1.5000000000000004,1.2,2.8000000000000003,2.0,0.6666666666666669,2.375,1.666666666666667,1.2009999999999998,Final
252,1.3200000000000003,1.4339622641509433,1.7083333333333341,1.2741935483870965,1.5000000000000004,1.2,2.8000000000000003,2.0,0.6666666666666669,2.375,1.666666666666667,1.2009999999999998,Starting
253,,,,,,,,,,,,,Difference
254,1.3200000000000003,1.4339622641509433,1.7083333333333341,1.2741935483870965,1.5000000000000004,1.2,2.8000000000000003,2.0,0.6666666666666669,2.375,1.666666666666667,1.2009999999999998,Final
255,1.3200000000000003,1.4339622641509433,1.7083333333333341,1.2741935483870965,1.5000000000000004,1.2,2.8000000000000003,2.0,0.6666666666666669,2.375,1.666666666666667,1.2009999999999998,Starting
256,,,,,,,,,,,,,Difference
257,1.3200000000000003,1.4339622641509433,1.7083333333333341,1.2741935483870965,1.5000000000000004,1.2,2.8000000000000003,2.0,0.6666666666666669,2.375,1.666666666666667,1.2009999999999998,Final
258,1.3200000000000003,1.4339622641509433,1.7083333333333341,1.2741935483870965,1.5000000000000004,1.2,2.8000000000000003,2.0,0.6666666666666669,2.375,1.666666666666667,1.2009999999999998,Starting
259,,,,,,,,,,,,,Difference
260,1.3200000000000003,1.4339622641509433,1.7083333333333341,1.2741935483870965,1.5000000000000004,1.2,2.8000000000000003,2.0,0.6666666666666669,2.375,1.666666666666667,1.2009999999999998,Final
261,1.3200000000000003,1.4339622641509433,1.7083333333333341,1.2741935483870965,1.5000000000000004,1.2,2.8000000000000003,2.0,0.6666666666666669,2.375,1.666666666666667,1.2009999999999998,Starting
262,,,,,,,,,,,,,Difference
263,1.3200000000000003,1.4339622641509433,1.7083333333333341,1.2741935483870965,1.5000000000000004,1.2,2.8000000000000003,2.0,0.6666666666666669,2.375,1.666666666666667,1.2009999999999998,Final
264,1.3200000000000003,1.4339622641509433,1.7083333333333341,1.2741935483870965,1.5000000000000004,1.2,2.8000000000000003,2.0,0.6666666666666669,2.375,1.666666666666667,1.2009999999999998,Starting
265,0.0,0.0,0.041666666666666664,-0.008064516129032258,0.0,0.0,0.0,0.0,0.0,0.0,0.0,0.1,Difference
266,1.3200000000000003,1.4339622641509433,1.7500000000000009,1.2661290322580643,1.5000000000000004,1.2,2.8000000000000003,2.0,0.6666666666666669,2.375,1.666666666666667,1.301,Final
267,1.3200000000000003,1.4339622641509433,1.7500000000000009,1.2661290322580643,1.5000000000000004,1.2,2.8000000000000003,2.0,0.6666666666666669,2.375,1.666666666666667,1.301,Starting
268,,,,,,,,,,,,,Difference
269,1.3200000000000003,1.4339622641509433,1.7500000000000009,1.2661290322580643,1.5000000000000004,1.2,2.8000000000000003,2.0,0.6666666666666669,2.375,1.666666666666667,1.301,Final
270,1.3200000000000003,1.4339622641509433,1.7500000000000009,1.2661290322580643,1.5000000000000004,1.2,2.8000000000000003,2.0,0.6666666666666669,2.375,1.666666666666667,1.301,Starting
271,,,,,,,,,,,,,Difference
272,1.3200000000000003,1.4339622641509433,1.7500000000000009,1.2661290322580643,1.5000000000000004,1.2,2.8000000000000003,2.0,0.6666666666666669,2.375,1.666666666666667,1.301,Final
273,1.3200000000000003,1.4339622641509433,1.7500000000000009,1.2661290322580643,1.5000000000000004,1.2,2.8000000000000003,2.0,0.6666666666666669,2.375,1.666666666666667,1.301,Starting
274,0.0,0.0,0.041666666666666664,-0.008064516129032258,0.0,0.0,0.0,0.0,0.0,0.0,0.0,0.1,Difference
275,1.3200000000000003,1.4339622641509433,1.7916666666666676,1.258064516129032,1.5000000000000004,1.2,2.8000000000000003,2.0,0.6666666666666669,2.375,1.666666666666667,1.401,Final
276,1.3200000000000003,1.4339622641509433,1.7916666666666676,1.258064516129032,1.5000000000000004,1.2,2.8000000000000003,2.0,0.6666666666666669,2.375,1.666666666666667,1.401,Starting
277,,,,,,,,,,,,,Difference
278,1.3200000000000003,1.4339622641509433,1.7916666666666676,1.258064516129032,1.5000000000000004,1.2,2.8000000000000003,2.0,0.6666666666666669,2.375,1.666666666666667,1.401,Final
279,1.3200000000000003,1.4339622641509433,1.7916666666666676,1.258064516129032,1.5000000000000004,1.2,2.8000000000000003,2.0,0.6666666666666669,2.375,1.666666666666667,1.401,Starting
280,,,,,,,,,,,,,Difference
281,1.3200000000000003,1.4339622641509433,1.7916666666666676,1.258064516129032,1.5000000000000004,1.2,2.8000000000000003,2.0,0.6666666666666669,2.375,1.666666666666667,1.401,Final
282,1.3200000000000003,1.4339622641509433,1.7916666666666676,1.258064516129032,1.5000000000000004,1.2,2.8000000000000003,2.0,0.6666666666666669,2.375,1.666666666666667,1.401,Starting
283,-0.02,0.0,0.0,-0.016129032258064516,0.0,0.0,0.0,0.0,0.0,0.125,0.0,-0.1,Difference
284,1.3000000000000003,1.4339622641509433,1.7916666666666676,1.2419354838709675,1.5000000000000004,1.2,2.8000000000000003,2.0,0.6666666666666669,2.5,1.666666666666667,1.301,Final
285,1.3000000000000003,1.4339622641509433,1.7916666666666676,1.2419354838709675,1.5000000000000004,1.2,2.8000000000000003,2.0,0.6666666666666669,2.5,1.666666666666667,1.301,Starting
286,0.0,0.0,0.0,-0.008064516129032258,0.05,0.0,0.0,0.0,0.0,0.125,0.0,0.0,Difference
287,1.3000000000000003,1.4339622641509433,1.7916666666666676,1.2338709677419353,1.5500000000000005,1.2,2.8000000000000003,2.0,0.6666666666666669,2.625,1.666666666666667,1.301,Final
288,1.3000000000000003,1.4339622641509433,1.7916666666666676,1.2338709677419353,1.5500000000000005,1.2,2.8000000000000003,2.0,0.6666666666666669,2.625,1.666666666666667,1.301,Starting
289,0.0,0.0,0.0,-0.008064516129032258,0.05,0.0,0.0,0.0,0.0,0.125,0.0,0.0,Difference
290,1.3000000000000003,1.4339622641509433,1.7916666666666676,1.225806451612903,1.6000000000000005,1.2,2.8000000000000003,2.0,0.6666666666666669,2.75,1.666666666666667,1.301,Final
291,1.3000000000000003,1.4339622641509433,1.7916666666666676,1.225806451612903,1.6000000000000005,1.2,2.8000000000000003,2.0,0.6666666666666669,2.75,1.666666666666667,1.301,Starting
292,,,,,,,,,,,,,Difference
293,1.3000000000000003,1.4339622641509433,1.7916666666666676,1.225806451612903,1.6000000000000005,1.2,2.8000000000000003,2.0,0.6666666666666669,2.75,1.666666666666667,1.301,Final
294,1.3000000000000003,1.4339622641509433,1.7916666666666676,1.225806451612903,1.6000000000000005,1.2,2.8000000000000003,2.0,0.6666666666666669,2.75,1.666666666666667,1.301,Starting
295,,,,,,,,,,,,,Difference
296,1.3000000000000003,1.4339622641509433,1.7916666666666676,1.225806451612903,1.6000000000000005,1.2,2.8000000000000003,2.0,0.6666666666666669,2.75,1.666666666666667,1.301,Final
297,1.3000000000000003,1.4339622641509433,1.7916666666666676,1.225806451612903,1.6000000000000005,1.2,2.8000000000000003,2.0,0.6666666666666669,2.75,1.666666666666667,1.301,Starting
298,,,,,,,,,,,,,Difference
299,1.3000000000000003,1.4339622641509433,1.7916666666666676,1.225806451612903,1.6000000000000005,1.2,2.8000000000000003,2.0,0.6666666666666669,2.75,1.666666666666667,1.301,Final
300,1.3000000000000003,1.4339622641509433,1.7916666666666676,1.225806451612903,1.6000000000000005,1.2,2.8000000000000003,2.0,0.6666666666666669,2.75,1.666666666666667,1.301,Starting
301,,,,,,,,,,,,,Difference
302,1.3000000000000003,1.4339622641509433,1.7916666666666676,1.225806451612903,1.6000000000000005,1.2,2.8000000000000003,2.0,0.6666666666666669,2.75,1.666666666666667,1.301,Final
